{"baseline_cycles": {"runtime": {"min": 1.597, "max": 110.598, "distribution": {"name": "argus", "params": [5.734652014997823e-05, -0.6805728508716575, 1.6811901314620572]}}, "input": {".soil": {"distribution": null, "min": 739, "max": 739}, ".weather": {"distribution": {"name": "trapz", "params": [0.9999999999999999, 1.0, -0.10500000000000001, 1.1999999999999997]}, "min": 480096, "max": 480097}, ".operation": {"distribution": {"name": "rdist", "params": [1.750426650564894, 0.9999999999999998, 2.3624681987884834e-16]}, "min": 673, "max": 1806}, ".ctrl": {"distribution": null, "min": 766, "max": 766}, "cycles_exe": {"distribution": null, "min": 694648, "max": 694648}, ".crop": {"distribution": null, "min": 14434, "max": 14434}}, "output": {".dat": {"distribution": {"name": "rdist", "params": [1.750426650564894, 0.9999999999999998, 2.3624681987884834e-16]}, "min": 1056, "max": 1808675}, ".csv": {"distribution": {"name": "trapz", "params": [1.0, 1.0, -0.10500000000000001, 1.2]}, "min": 275, "max": 281}, ".zip": {"distribution": {"name": "argus", "params": [4.427079012898356e-05, -0.7120439234477358, 1.712710243275252]}, "min": 2267492, "max": 4458415}}}, "cycles": {"runtime": {"min": 1.277, "max": 101.596, "distribution": {"name": "argus", "params": [2.4601472008810825e-05, -0.760671189673141, 1.761325389492184]}}, "input": {".soil": {"distribution": null, "min": 739, "max": 739}, ".weather": {"distribution": {"name": "trapz", "params": [0.9999999999999999, 1.0, -0.10500000000000001, 1.1999999999999997]}, "min": 480096, "max": 480097}, ".operation": {"distribution": {"name": "rdist", "params": [1.750426650564894, 0.9999999999999998, 2.3624681987884834e-16]}, "min": 673, "max": 1806}, ".dat": {"distribution": null, "min": 37728, "max": 37728}, ".ctrl": {"distribution": null, "min": 766, "max": 766}, "cycles_exe": {"distribution": null, "min": 694648, "max": 694648}, ".crop": {"distribution": null, "min": 14434, "max": 14434}}, "output": {".zip": {"distribution": {"name": "argus", "params": [3.76005481127054e-05, -0.6638469786758867, 1.6644768181414857]}, "min": 2928100, "max": 4476265}, ".dat": {"distribution": {"name": "rdist", "params": [1.750426650564894, 0.9999999999999998, 2.3624681987884834e-16]}, "min": 1056, "max": 1808675}, ".csv": {"distribution": {"name": "trapz", "params": [1.0, 1.0, -0.10500000000000001, 1.2]}, "min": 275, "max": 281}}}, "fertilizer_increase_cycles": {"runtime": {"min": 1.258, "max": 101.229, "distribution": {"name": "argus", "params": [0.00024090845979553212, -0.7571715014318916, 1.757837187249918]}}, "input": {".soil": {"distribution": null, "min": 739, "max": 739}, ".weather": {"distribution": {"name": "trapz", "params": [0.9999999999999999, 1.0, -0.10500000000000001, 1.1999999999999997]}, "min": 480096, "max": 480097}, ".operation": {"distribution": {"name": "rdist", "params": [1.750426650564894, 0.9999999999999998, 2.3624681987884834e-16]}, "min": 673, "max": 1806}, ".dat": {"distribution": null, "min": 37728, "max": 37728}, ".ctrl": {"distribution": null, "min": 766, "max": 766}, "cycles_exe": {"distribution": null, "min": 694648, "max": 694648}, ".crop": {"distribution": null, "min": 14434, "max": 14434}}, "output": {".csv": {"distribution": {"name": "trapz", "params": [1.0, 1.0, -0.10500000000000001, 1.2]}, "min": 274, "max": 282}, ".dat": {"distribution": {"name": "rdist", "params": [1.750426650564894, 0.9999999999999998, 2.3624681987884834e-16]}, "min": 1056, "max": 1808675}, ".zip": {"distribution": {"name": "argus", "params": [5.012766959293754e-05, -0.6684439199051191, 1.6690337988564448]}, "min": 2928677, "max": 4486752}}}, "cycles_fertilizer_increase_output_parser": {"runtime": {"min": 0.035, "max": 1.235, "distribution": {"name": "trapz", "params": [1.0, 1.0, -0.10500000000000001, 1.2]}}, "input": {".dat": {"distribution": null, "min": 5980, "max": 5980}, ".csv": {"distribution": {"name": "trapz", "params": [1.0, 1.0, -0.10500000000000001, 1.2]}, "min": 274, "max": 282}}, "output": {".csv": {"distribution": {"name": "argus", "params": [0.0002218467867105605, -0.7480684549751317, 1.7487201180830585]}, "min": 8224, "max": 8604}}}, "cycles_output_summary": {"runtime": {"min": 0.048, "max": 0.39, "distribution": {"name": "norm", "params": [0.08688656476267097, 0.2572832376513094]}}, "input": {".csv": {"distribution": {"name": "trapz", "params": [1.0, 1.0, -0.10500000000000001, 1.2]}, "min": 275, "max": 281}, ".dat": {"distribution": null, "min": 5980, "max": 5980}}, "output": {".csv": {"distribution": {"name": "rdist", "params": [1.7504259613885509, 1.0, 4.589985375327013e-23]}, "min": 74996, "max": 257366}}}, "cycles_fertilizer_increase_output_summary": {"runtime": {"min": 0.045, "max": 0.538, "distribution": {"name": "argus", "params": [0.0001699057370632583, -0.703883277161877, 1.7272982844402591]}}, "input": {".csv": {"distribution": {"name": "argus", "params": [0.0002218467867105605, -0.7480684549751317, 1.7487201180830585]}, "min": 8224, "max": 8604}}, "output": {".csv": {"distribution": {"name": "rdist", "params": [1.7504259613885509, 1.0, 4.589985375327013e-23]}, "min": 122964, "max": 422954}}}, "cycles_plots": {"runtime": {"min": 123.38, "max": 514.566, "distribution": {"name": "beta", "params": [0.11165228211118816, 0.32785735039410685, -0.09952333240693918, 1.0995233324069393]}}, "input": {".csv": {"distribution": {"name": "rdist", "params": [1.7504259613885509, 1.0, 4.589985375327013e-23]}, "min": 74996, "max": 257366}}, "output": {".gif": {"distribution": {"name": "norm", "params": [0.35, 0.36784847423905404]}, "min": 2126304, "max": 6383929}}}}