{"sG1IterDecon": {"runtime": {"min": 0.087, "max": 5.615, "distribution": {"name": "argus", "params": [1.7064100735232294e-05, -0.7177573513504376, 1.7186300350031756]}}, "input": {".lht": {"distribution": {"name": "argus", "params": [0.04752143141481561, -0.6877501751085423, 1.6881901722981807]}, "min": 1024, "max": 16012}}, "output": {".stf": {"distribution": {"name": "trapz", "params": [1.0, 1.0, -0.10500000000000001, 1.2]}, "min": 1144, "max": 17016}}}, "wrapper_siftSTFByMisfit": {"runtime": {"min": 0.089, "max": 1.351, "distribution": {"name": "rdist", "params": [1.5504806356651624, 0.0013236200991527764, 0.0013236200991527767]}}, "input": {".stf": {"distribution": {"name": "trapz", "params": [1.0, 1.0, -0.10500000000000001, 1.2]}, "min": 1144, "max": 17016}, ".py": {"distribution": null, "min": 0, "max": 0}, "siftSTFByMisfit": {"distribution": null, "min": 1386, "max": 1386}}, "output": {".gz": {"distribution": {"name": "rdist", "params": [1.5504806356651624, 0.0013236200991527764, 0.0013236200991527767]}, "min": 63471, "max": 687098}}}}