{"split_fasta": {"runtime": {"min": 0.051992, "max": 3.160018, "distribution": {"name": "arcsine", "params": [-0.2258070520586602, 1.2258070520586604]}}, "input": {".fasta": {"distribution": {"name": "arcsine", "params": [-0.2258070520586602, 1.2258070520586604]}, "min": 203, "max": 201389}, "split_fasta": {"distribution": null, "min": 1, "max": 1}}, "output": {".fasta": {"distribution": {"name": "trapz", "params": [0.9999999999999999, 1.0, -0.10500000000000001, 1.1999999999999997]}, "min": 6, "max": 2015}}}, "blastall": {"runtime": {"min": 8.116334, "max": 1799.556624, "distribution": {"name": "trapz", "params": [1.0, 1.0, -0.10500000000000001, 1.2]}}, "input": {"blastall": {"distribution": null, "min": 7688, "max": 7688}, ".fasta": {"distribution": {"name": "trapz", "params": [0.9999999999999999, 1.0, -0.10500000000000001, 1.1999999999999997]}, "min": 6, "max": 2015}, "nt": {"distribution": {"name": "trapz", "params": [0.9999999999999999, 1.0, -0.10500000000000001, 1.1999999999999997]}, "min": 0, "max": 5117704493}}, "output": {".out": {"distribution": {"name": "argus", "params": [2.465535551931572e-05, -0.7452662890705088, 1.7477663092998088]}, "min": 5, "max": 17952}, ".err": {"distribution": null, "min": 0, "max": 0}}}, "cat_blast": {"runtime": {"min": 0.034811, "max": 16.689957, "distribution": {"name": "arcsine", "params": [-0.2258070520586602, 1.2258070520586604]}}, "input": {"cat_blast": {"distribution": null, "min": 1, "max": 1}, ".out": {"distribution": {"name": "argus", "params": [2.465535551931572e-05, -0.7452662890705088, 1.7477663092998088]}, "min": 5, "max": 17952}}, "output": {"None": {"distribution": {"name": "arcsine", "params": [-0.2258070520586602, 1.2258070520586604]}, "min": 454, "max": 565948}}}, "cat": {"runtime": {"min": 0.009596, "max": 0.021895, "distribution": {"name": "arcsine", "params": [-0.2258070520586602, 1.2258070520586604]}}, "input": {".err": {"distribution": null, "min": 0, "max": 0}}, "output": {".err": {"distribution": null, "min": 0, "max": 0}}}}