{"alignment_to_reference": {"runtime": {"min": 3.305, "max": 133.207, "distribution": {"name": "rdist", "params": [1.0497506699055814, 0.8751735665957343, 0.5778762692984372]}}, "input": {".dict": {"distribution": null, "min": 142561, "max": 142561}, ".pac": {"distribution": null, "min": 244623820, "max": 244623820}, ".fai": {"distribution": null, "min": 41379, "max": 41379}, ".fastq": {"distribution": null, "min": 23845, "max": 23845}, ".sa": {"distribution": null, "min": 489247688, "max": 489247688}, ".gz": {"distribution": null, "min": 108988506, "max": 108988506}, ".amb": {"distribution": null, "min": 259156, "max": 259156}, ".fa": {"distribution": null, "min": 990744229, "max": 990744229}, ".ann": {"distribution": null, "min": 47448, "max": 47448}, ".bwt": {"distribution": null, "min": 978495356, "max": 978495356}, ".txt": {"distribution": {"name": "rdist", "params": [1.7477959990252214, 1.0, 3.9893803094996296e-22]}, "min": 60, "max": 15976}}, "output": {".sam": {"distribution": null, "min": 112561, "max": 112561}}}, "sort_sam": {"runtime": {"min": 2.082, "max": 89.242, "distribution": {"name": "arcsine", "params": [-0.09850603366048286, 1.098506033660483]}}, "input": {".sam": {"distribution": null, "min": 112561, "max": 112561}, ".gz": {"distribution": null, "min": 108988506, "max": 108988506}}, "output": {".bai": {"distribution": null, "min": 127424, "max": 127424}, ".bam": {"distribution": null, "min": 36576, "max": 36576}}}, "dedup": {"runtime": {"min": 3.169, "max": 152.024, "distribution": {"name": "rdist", "params": [1.056503552352268, 0.8880507079714015, 0.5907534106741043]}}, "input": {".gz": {"distribution": null, "min": 108988506, "max": 108988506}, ".bai": {"distribution": null, "min": 127424, "max": 127424}, ".bam": {"distribution": null, "min": 36576, "max": 36576}}, "output": {".bai": {"distribution": null, "min": 127424, "max": 127424}, ".bam": {"distribution": {"name": "rdist", "params": [1.7504259269384672, 0.9999999999938114, 6.18860928332036e-12]}, "min": 37467, "max": 37470}}}, "add_replace": {"runtime": {"min": 3.382, "max": 139.801, "distribution": {"name": "arcsine", "params": [-0.09850603366048286, 1.098506033660483]}}, "input": {".gz": {"distribution": null, "min": 108988506, "max": 108988506}, ".bai": {"distribution": null, "min": 127424, "max": 127424}, ".bam": {"distribution": {"name": "rdist", "params": [1.7504259269384672, 0.9999999999938114, 6.18860928332036e-12]}, "min": 37467, "max": 37470}}, "output": {".bai": {"distribution": null, "min": 127424, "max": 127424}, ".bam": {"distribution": {"name": "beta", "params": [0.028007929445023696, 0.16801064212397998, -0.08122143521923508, 1.0812214352192353]}, "min": 37953, "max": 37956}}}, "realign_target_creator": {"runtime": {"min": 78.698, "max": 474.546, "distribution": {"name": "arcsine", "params": [-0.08648046099196244, 1.0864804609919627]}}, "input": {".bai": {"distribution": null, "min": 127424, "max": 127424}, ".dict": {"distribution": null, "min": 142561, "max": 142561}, ".pac": {"distribution": null, "min": 244623820, "max": 244623820}, ".fai": {"distribution": null, "min": 41379, "max": 41379}, ".sa": {"distribution": null, "min": 489247688, "max": 489247688}, ".gz": {"distribution": null, "min": 108988506, "max": 108988506}, ".amb": {"distribution": null, "min": 259156, "max": 259156}, ".fa": {"distribution": null, "min": 990744229, "max": 990744229}, ".ann": {"distribution": null, "min": 47448, "max": 47448}, ".bam": {"distribution": {"name": "beta", "params": [0.028007929445023696, 0.16801064212397998, -0.08122143521923508, 1.0812214352192353]}, "min": 37953, "max": 37956}, ".bwt": {"distribution": null, "min": 978495356, "max": 978495356}, ".txt": {"distribution": {"name": "rdist", "params": [1.7477959990252214, 1.0, 3.9893803094996296e-22]}, "min": 60, "max": 15976}}, "output": {".list": {"distribution": null, "min": 40, "max": 40}}}, "indel_realign": {"runtime": {"min": 5.589, "max": 154.005, "distribution": {"name": "rdist", "params": [1.054143443775926, 0.8779716509043156, 0.6087408816735466]}}, "input": {".bai": {"distribution": null, "min": 127424, "max": 127424}, ".dict": {"distribution": null, "min": 142561, "max": 142561}, ".pac": {"distribution": null, "min": 244623820, "max": 244623820}, ".fai": {"distribution": null, "min": 41379, "max": 41379}, ".list": {"distribution": null, "min": 40, "max": 40}, ".sa": {"distribution": null, "min": 489247688, "max": 489247688}, ".gz": {"distribution": null, "min": 108988506, "max": 108988506}, ".amb": {"distribution": null, "min": 259156, "max": 259156}, ".fa": {"distribution": null, "min": 990744229, "max": 990744229}, ".ann": {"distribution": null, "min": 47448, "max": 47448}, ".bam": {"distribution": {"name": "beta", "params": [0.028007929445023696, 0.16801064212397998, -0.08122143521923508, 1.0812214352192353]}, "min": 37953, "max": 37956}, ".bwt": {"distribution": null, "min": 978495356, "max": 978495356}, ".txt": {"distribution": {"name": "rdist", "params": [1.7477959990252214, 1.0, 3.9893803094996296e-22]}, "min": 60, "max": 15976}}, "output": {".bam": {"distribution": {"name": "rdist", "params": [1.0354552049234393, 0.9230820838539932, 0.5764154171873266]}, "min": 39550, "max": 39554}, ".bai": {"distribution": null, "min": 127424, "max": 127424}}}, "haplotype_caller": {"runtime": {"min": 30.011, "max": 709.504, "distribution": {"name": "argus", "params": [0.0008690793369530592, -0.6114566529512571, 1.6139824159282967]}}, "input": {".dict": {"distribution": null, "min": 142561, "max": 142561}, ".bam": {"distribution": {"name": "trapz", "params": [0.9999999999999999, 1.0, -0.10500000000000001, 1.1999999999999997]}, "min": 39550, "max": 39554}, ".pac": {"distribution": null, "min": 244623820, "max": 244623820}, ".bai": {"distribution": null, "min": 127424, "max": 127424}, ".fai": {"distribution": null, "min": 41379, "max": 41379}, ".sa": {"distribution": null, "min": 489247688, "max": 489247688}, ".gz": {"distribution": null, "min": 108988506, "max": 108988506}, ".amb": {"distribution": null, "min": 259156, "max": 259156}, ".fa": {"distribution": null, "min": 990744229, "max": 990744229}, ".ann": {"distribution": null, "min": 47448, "max": 47448}, ".bwt": {"distribution": null, "min": 978495356, "max": 978495356}, ".txt": {"distribution": {"name": "trapz", "params": [0.9999999999999999, 1.0, -0.10500000000000001, 1.1999999999999997]}, "min": 60, "max": 15976}}, "output": {".vcf": {"distribution": {"name": "rdist", "params": [1.750426650564894, 0.9999999999999998, 2.3624681987884834e-16]}, "min": 59037, "max": 75728}, ".idx": {"distribution": {"name": "trapz", "params": [0.9999999999999999, 1.0, -0.10500000000000001, 1.1999999999999997]}, "min": 28447, "max": 28449}}}, "merge_gcvf": {"runtime": {"min": 2562.381, "max": 37861.356, "distribution": {"name": "rdist", "params": [1.5504806356651624, 0.0013236200991527764, 0.0013236200991527767]}}, "input": {".vcf": {"distribution": {"name": "rdist", "params": [1.750426650564894, 0.9999999999999998, 2.3624681987884834e-16]}, "min": 59037, "max": 75728}, ".idx": {"distribution": {"name": "trapz", "params": [0.9999999999999999, 1.0, -0.10500000000000001, 1.1999999999999997]}, "min": 28447, "max": 28449}, ".gz": {"distribution": null, "min": 108988506, "max": 108988506}, ".bwt": {"distribution": null, "min": 978495356, "max": 978495356}, ".txt": {"distribution": {"name": "rdist", "params": [1.5504806356651624, 0.0013236200991527764, 0.0013236200991527767]}, "min": 60, "max": 15976}, ".list": {"distribution": {"name": "rdist", "params": [1.5504806356651624, 0.0013236200991527764, 0.0013236200991527767]}, "min": 1700, "max": 17000}, ".amb": {"distribution": null, "min": 259156, "max": 259156}, ".fai": {"distribution": null, "min": 41379, "max": 41379}, ".pac": {"distribution": null, "min": 244623820, "max": 244623820}, ".fa": {"distribution": null, "min": 990744229, "max": 990744229}, ".dict": {"distribution": null, "min": 142561, "max": 142561},