{"bowtie2-build": {"runtime": {"min": 0.316, "max": 33.288, "distribution": {"name": "wald", "params": [-0.17799345401850686, 0.7891642364923879]}}, "input": {".fna": {"distribution": null, "min": 98721, "max": 98721}}, "output": {".bt2": {"distribution": {"name": "norm", "params": [0.1, 0.27080128015453203]}, "min": 17, "max": 4226858}}}, "fasterq-dump": {"runtime": {"min": 1.173, "max": 4343.699, "distribution": {"name": "fisk", "params": [3.9199026441968337, -0.30421363341992647, 0.6309055633022219]}}, "input": {}, "output": {".fastq": {"distribution": {"name": "argus", "params": [0.00015637238065969544, -0.2508819176275605, 1.2531514622818194]}, "min": 26168, "max": 1981081890}}}, "bowtie2": {"runtime": {"min": 2.377, "max": 121.024, "distribution": {"name": "arcsine", "params": [-0.07358918218072019, 1.0735891821807204]}}, "input": {".bt2": {"distribution": {"name": "trapz", "params": [0.9999999999999999, 1.0, -0.10500000000000001, 1.1999999999999997]}, "min": 17, "max": 4226858}, ".fastq": {"distribution": {"name": "argus", "params": [0.00015637238065969544, -0.2508819176275605, 1.2531514622818194]}, "min": 26168, "max": 1981081890}}, "output": {".bai": {"distribution": null, "min": 24, "max": 24}, ".bam": {"distribution": {"name": "rdist", "params": [1.750425928578598, 1.0, 1.3654380389187343e-20]}, "min": 314, "max": 317}}}, "merge": {"runtime": {"min": 0.039, "max": 0.305, "distribution": {"name": "beta", "params": [0.12845511317891758, 0.19967338970784937, -0.09952333240693918, 1.0995233324069393]}}, "input": {".bai": {"distribution": null, "min": 24, "max": 24}, ".bam": {"distribution": {"name": "rdist", "params": [1.750425928578598, 1.0, 1.3654380389187343e-20]}, "min": 314, "max": 317}, ".gz": {"distribution": {"name": "trapz", "params": [1.0, 1.0, -0.10500000000000001, 1.2]}, "min": 1540, "max": 6175}}, "output": {".gz": {"distribution": {"name": "dgamma", "params": [0.25734524051070895, 0.2142857142857143, 0.3299110686952953]}, "min": 1540, "max": 10427}}}}