,rnaseq-3l,rnaseq-6l
rnaseq-t1l,0.004108531398080609,0.004108531398080609
rnaseq-3l,0.0,0.0
rnaseq-6l,,0.0
