{
    "mProject": {
        "runtime": {
            "min": 0,
            "max": 1263.481,
            "distribution": {
                "name": "rdist",
                "params": [
                    1.750426650564894,
                    0.9999999999999998,
                    2.3624681987884834e-16
                ]
            }
        },
        "input": {
            ".fits": {
                "distribution": {
                    "name": "trapz",
                    "params": [
                        1.0,
                        1.0,
                        -0.10500000000000001,
                        1.2
                    ]
                },
                "min": 0,
                "max": 9655399
            },
            ".hdr": {
                "distribution": {
                    "name": "trapz",
                    "params": [
                        1.0,
                        1.0,
                        -0.10500000000000001,
                        1.2
                    ]
                },
                "min": 277,
                "max": 279
            }
        },
        "output": {
            ".fits": {
                "distribution": {
                    "name": "trapz",
                    "params": [
                        1.0,
                        1.0,
                        -0.10500000000000001,
                        1.2
                    ]
                },
                "min": 0,
                "max": 55002240
            }
        }
    },
    "mDiffFit": {
        "runtime": {
            "min": 0.003,
            "max": 46.525,
            "distribution": {
                "name": "rdist",
                "params": [
                    1.750426650564894,
                    0.9999999999999998,
                    2.3624681987884834e-16
                ]
            }
        },
        "input": {
            ".fits": {
                "distribution": {
                    "name": "trapz",
                    "params": [
                        0.9999999999999999,
                        1.0,
                        -0.10500000000000001,
                        1.1999999999999997
                    ]
                },
                "min": 3329280,
                "max": 55002240
            },
            ".hdr": {
                "distribution": {
                    "name": "trapz",
                    "params": [
                        1.0,
                        1.0,
                        -0.10500000000000001,
                        1.2
                    ]
                },
                "min": 277,
                "max": 279
            }
        },
        "output": {
            ".txt": {
                "distribution": {
                    "name": "rdist",
                    "params": [
                        1.750426650564894,
                        0.9999999999999998,
                        2.3624681987884834e-16
                    ]
                },
                "min": 50,
                "max": 302
            }
        }
    },
    "mConcatFit": {
        "runtime": {
            "min": 0.131,
            "max": 12.386,
            "distribution": {
                "name": "dweibull",
                "params": [
                    0.20992656025887707,
                    0.0769230769230769,
                    0.49663251368568506
                ]
            }
        },
        "input": {
            ".txt": {
                "distribution": {
                    "name": "rdist",
                    "params": [
                        1.750426650564894,
                        0.9999999999999998,
                        2.3624681987884834e-16
                    ]
                },
                "min": 50,
                "max": 302
            },
            ".tbl": {
                "distribution": {
                    "name": "beta",
                    "params": [
                        0.04660271902242594,
                        0.18481401273304493,
                        -0.0988503726933758,
                        1.098850372693376
                    ]
                },
                "min": 1160,
                "max": 272870
            }
        },
        "output": {
            ".tbl": {
                "distribution": {
                    "name": "dweibull",
                    "params": [
                        0.20992656025887707,
                        0.0769230769230769,
                        0.49663251368568506
                    ]
                },
                "min": 417,
                "max": 430977
            }
        }
    },
    "mBgModel": {
        "runtime": {
            "min": 0.388,
            "max": 110.529,
            "distribution": {
                "name": "dweibull",
                "params": [
                    0.20992656025887707,
                    0.0769230769230769,
                    0.49663251368568506
                ]
            }
        },
        "input": {
            ".tbl": {
                "distribution": {
                    "name": "rdist",
                    "params": [
                        1.7504259613885509,
                        1.0,
                        4.589985375327013e-23
                    ]
                },
                "min": 417,
                "max": 430977
            }
        },
        "output": {
            ".tbl": {
                "distribution": {
                    "name": "dweibull",
                    "params": [
                        0.20992656025887707,
                        0.0769230769230769,
                        0.49663251368568506
                    ]
                },
                "min": 166,
                "max": 23706
            }
        }
    },
    "mBackground": {
        "runtime": {
            "min": 0.117,
            "max": 114.103,
            "distribution": {
                "name": "rdist",
                "params": [
                    1.750426650564894,
                    0.9999999999999998,
                    2.3624681987884834e-16
                ]
            }
        },
        "input": {
            ".tbl": {
                "distribution": {
                    "name": "trapz",
                    "params": [
                        1.0,
                        1.0,
                        -0.10500000000000001,
                        1.2
                    ]
                },
                "min": 166,
                "max": 68710
            },
            ".fits": {
                "distribution": {
                    "name": "trapz",
                    "params": [
                        1.0,
                        1.0,
                        -0.10500000000000001,
                        1.2
                    ]
                },
                "min": 3329280,
                "max": 55002240
            }
        },
        "output": {
            ".fits": {
                "distribution": {
                    "name": "rdist",
                    "params": [
                        1.750426650564894,
                        0.9999999999999998,
                        2.3624681987884834e-16
                    ]
                },
                "min": 0,
                "max": 55002240
            }
        }
    },
    "mImgtbl": {
        "runtime": {
            "min": 0,
            "max": 1.762,
            "distribution": {
                "name": "beta",
                "params": [
                    0.03131892158773926,
                    0.12760993930283776,
                    -0.0988503726933758,
                    1.098850372693376
                ]
            }
        },
        "input": {
            ".fits": {
                "distribution": {
                    "name": "rdist",