{"NFCORE_RNASEQ.PREPARE_GENOME.GUNZIP_ADDITIONAL_FASTA": {"runtime": {"min": 0.015, "max": 0.016, "distribution": {"name": "rdist", "params": [1.5504806356651624, 0.0013236200991527764, 0.0013236200991527767]}}, "input": {}, "output": {}}, "NFCORE_RNASEQ.PREPARE_GENOME.GUNZIP_GTF": {"runtime": {"min": 0.015, "max": 0.016, "distribution": {"name": "rdist", "params": [1.5504806356651624, 0.0013236200991527764, 0.0013236200991527767]}}, "input": {}, "output": {}}, "NFCORE_RNASEQ.PREPARE_GENOME.UNTAR_SALMON_INDEX": {"runtime": {"min": 0.046, "max": 0.048, "distribution": {"name": "rdist", "params": [1.5504806356651624, 0.0013236200991527764, 0.0013236200991527767]}}, "input": {}, "output": {}}, "NFCORE_RNASEQ.RNASEQ.FASTQ_QC_TRIM_FILTER_SETSTRANDEDNESS.FQ_LINT": {"runtime": {"min": 0.0, "max": 0.0, "distribution": {"name": "dweibull", "params": [0.19451622991431783, 4.155260197271249e-34, 1.161132255170155]}}, "input": {}, "output": {}}, "NFCORE_RNASEQ.RNASEQ.FASTQ_QC_TRIM_FILTER_SETSTRANDEDNESS.FASTQ_FASTQC_UMITOOLS_TRIMGALORE.FASTQC": {"runtime": {"min": 2.0, "max": 4.0, "distribution": {"name": "rdist", "params": [1.5504806356651624, 0.0013236200991527764, 0.0013236200991527767]}}, "input": {}, "output": {}}, "NFCORE_RNASEQ.RNASEQ.FASTQ_QC_TRIM_FILTER_SETSTRANDEDNESS.FASTQ_FASTQC_UMITOOLS_TRIMGALORE.TRIMGALORE": {"runtime": {"min": 4.0, "max": 11.0, "distribution": {"name": "rdist", "params": [1.5504806356651624, 0.0013236200991527764, 0.0013236200991527767]}}, "input": {}, "output": {}}, "NFCORE_RNASEQ.RNASEQ.FASTQ_QC_TRIM_FILTER_SETSTRANDEDNESS.CAT_FASTQ": {"runtime": {"min": 0.022, "max": 0.032, "distribution": {"name": "rdist", "params": [1.5504806356651624, 0.0013236200991527764, 0.0013236200991527767]}}, "input": {}, "output": {}}, "NFCORE_RNASEQ.PREPARE_GENOME.GTF_FILTER": {"runtime": {"min": 0.0, "max": 1.0, "distribution": {"name": "rdist", "params": [1.5504806356651624, 0.0013236200991527764, 0.0013236200991527767]}}, "input": {}, "output": {}}, "NFCORE_RNASEQ.RNASEQ.FASTQ_QC_TRIM_FILTER_SETSTRANDEDNESS.FQ_LINT_AFTER_TRIMMING": {"runtime": {"min": 0.0, "max": 1.0, "distribution": {"name": "rdist", "params": [1.5504806356651624, 0.0013236200991527764, 0.0013236200991527767]}}, "input": {}, "output": {}}, "NFCORE_RNASEQ.PREPARE_GENOME.CUSTOM_CATADDITIONALFASTA": {"runtime": {"min": 0.0, "max": 1.0, "distribution": {"name": "rdist", "params": [1.5504806356651624, 0.0013236200991527764, 0.0013236200991527767]}}, "input": {}, "output": {}}, "NFCORE_RNASEQ.PREPARE_GENOME.CUSTOM_GETCHROMSIZES": {"runtime": {"min": 0.0, "max": 0.0, "distribution": {"name": "dweibull", "params": [0.19451622991431783, 4.155260197271249e-34, 1.161132255170155]}}, "input": {}, "output": {}}, "NFCORE_RNASEQ.PREPARE_GENOME.GTF2BED": {"runtime": {"min": 0.0, "max": 0.0, "distribution": {"name": "dweibull", "params": [0.19451622991431783, 4.155260197271249e-34, 1.161132255170155]}}, "input": {}, "output": {}}, "NFCORE_RNASEQ.PREPARE_GENOME.STAR_GENOMEGENERATE": {"runtime": {"min": 0.315, "max": 0.325, "distribution": {"name": "rdist", "params": [1.5504806356651624, 0.0013236200991527764, 0.0013236200991527767]}}, "input": {}, "output": {}}, "NFCORE_RNASEQ.PREPARE_GENOME.BBMAP_BBSPLIT": {"runtime": {"min": 1.0, "max": 2.0, "distribution": {"name": "rdist", "params": [1.5504806356651624, 0.0013236200991527764, 0.0013236200991527767]}}, "input": {}, "output": {}}, "NFCORE_RNASEQ.RNASEQ.FASTQ_QC_TRIM_FILTER_SETSTRANDEDNESS.BBMAP_BBSPLIT": {"runtime": {"min": 9.0, "max": 18.0, "distribution": {"name": "rdist", "params": [1.5504806356651624, 0.0013236200991527764, 0.0013236200991527767]}}, "input": {}, "output": {}}, "NFCORE_RNASEQ.RNASEQ.FASTQ_QC_TRIM_FILTER_SETSTRANDEDNESS.FQ_LINT_AFTER_BBSPLIT": {"runtime": {"min": 0.0, "max": 1.0, "distribution": {"name": "rdist", "params": [1.5504806356651624, 0.0013236200991527764, 0.0013236200991527767]}}, "input": {}, "output": {}}, "NFCORE_RNASEQ.RNASEQ.FASTQ_QC_TRIM_FILTER_SETSTRANDEDNESS.FASTQ_SUBSAMPLE_FQ_SALMON.FQ_SUBSAMPLE": {"runtime": {"min": 2.0, "max": 3.0, "distribution": {"name": "rdist", "params": [1.5504806356651624, 0.0013236200991527764, 0.0013236200991527767]}}, "input": {}, "output": {}}, "NFCORE_RNASEQ.RNASEQ.ALIGN_STAR.STAR_ALIGN": {"runtime": {"min": 6.289, "max": 64.693, "distribution": {"name": "rdist", "params": [1.5504806356651624, 0.0013236200991527764, 0.0013236200991527767]}}, "input": {}, "output": {}}, "NFCORE_RNASEQ.RNASEQ.QUANTIFY_PSEUDO_ALIGNMENT.SALMON_QUANT": {"runtime": {"min": 8.0, "max": 9.0, "distribution": {"name": "rdist", "params": [1.5504806356651624, 0.0013236200991527764, 0.0013236200991527767]}}, "input": {}, "output": {}}, "NFCORE_RNASEQ.RNASEQ.FASTQ_QC_TRIM_FILTER_SETSTRANDEDNESS.FASTQ_SUBSAMPLE_FQ_SALMON.SALMON_QUANT": {"runtime": {"min": 8.0, "max": 10.0, "distribution": {"name": "rdist", "params": [1.5504806356651624, 0.0013236200991527764, 0.0013236200991527767]}}, "input": {}, "output": {}}, "NFCORE_RNASEQ.RNASEQ.ALIGN_STAR.BAM_SORT_STATS_SAMTOOLS.SAMTOOLS_SORT": {"runtime": {"min": 0.0, "max": 1.0, "distribution": {"name": "rdist", "params": [1.5504806356651624, 0.0013236200991527764, 0.0013236200991527767]}}, "input": {}, "output": {}}, "NFCORE_RNASEQ.RNASEQ.QUANTIFY_STAR_SALMON.SALMON_QUANT": {"runtime": {"min": 9.0, "max": 11.0, "distribution": {"name": "rdist", "params": [1.5504806356651624, 0.0013236200991527764, 0.0013236200991527767]}}, "input": {}, "output": {}}, "NFCORE_RNASEQ.RNASEQ.ALIGN_STAR.BAM_SORT_STATS_SAMTOOLS.SAMTOOLS_INDEX": {"runtime": {"min": 0.0, "max": 0.0, "distribution": {"name": "dweibull", "params": [0.19451622991431783, 4.155260197271249e-34, 1.161132255170155]}}, "input": {}, "output": {}}, "NFCORE_RNASEQ.RNASEQ.BAM_MARKDUPLICATES_PICARD.PICARD_MARKDUPLICATES": {"runtime": {"min": 4.0, "max": 7.0, "distribution": {"name": "rdist", "params": [1.5504806356651624, 0.0013236200991527764, 0.0013236200991527767]}}, "input": {}, "output": {}}, "NFCORE_RNASEQ.RNASEQ.QUANTIFY_PSEUDO_ALIGNMENT.CUSTOM_TX2GENE": {"runtime": {"min": 0.0, "max": 1.0, "distribution": {"name": "rdist", "params": [1.5504806356651624, 0.0013236200991527764, 0.0013236200991527767]}}, "input": {}, "output": {}}, "NFCORE_RNASEQ.RNASEQ.BAM_MARKDUPLICATES_PICARD.SAMTOOLS_INDEX": {"runtime": {"min": 0.0, "max": 0.0, "distribution": {"name": "dweibull", "params": [0.19451622991431783, 4.155260197271249e-34, 1.161132255170155]}}, "input": {}, "output": {}}, "NFCORE_RNASEQ.RNASEQ.SUBREAD_FEATURECOUNTS": {"runtime": {"min": 0.0, "max": 1.0, "distribution": {"name": "rdist", "params": [1.5504806356651624, 0.0013236200991527764, 0.0013236200991527767]}}, "input": {}, "output": {}}, "NFCORE_RNASEQ.RNASEQ.QUALIMAP_RNASEQ": {"runtime": {"min": 1.0, "max": 6.0, "distribution": {"name": "rdist", "params": [1.5504806356651624, 0.0013236200991527764, 0.0013236200991527767]}}, "input": {}, "output": {}}, "NFCORE_RNASEQ.RNASEQ.STRINGTIE_STRINGTIE": {"runtime": {"min": 0.0, "max": 1.0, "distribution": {"name": "rdist", "params": [1.5504806356651624, 0.0013236200991527764, 0.0013236200991527767]}}, "input": {}, "output": {}}, "NFCORE_RNASEQ.RNASEQ.BEDTOOLS_GENOMECOV_FW": {"runtime": {"min": 0.125, "max": 0.325, "distribution": {"name": "rdist", "params": [1.5504806356651624, 0.0013236200991527764, 0.0013236200991527767]}}, "input": {}, "output": {}}, "NFCORE_RNASEQ.RNASEQ.BEDTOOLS_GENOMECOV_REV": {"runtime": {"min": 0.114, "max": 0.283, "distribution": {"name": "rdist", "params": [1.5504806356651624, 0.0013236200991527764, 0.0013236200991527767]}}, "input": {}, "output": {}}, "NFCORE_RNASEQ.RNASEQ.DUPRADAR": {"runtime": {"min": 2.0, "max": 3.0, "distribution": {"name": "rdist", "params": [1.5504806356651624, 0.0013236200991527764, 0.0013236200991527767]}}, "input": {}, "output": {}}, "NFCORE_RNASEQ.RNASEQ.QUANTIFY_STAR_SALMON.CUSTOM_TX2GENE": {"runtime": {"min": 0.0, "max": 0.0, "distribution": {"name": "dweibull", "params": [0.19451622991431783, 4.155260197271249e-34, 1.161132255170155]}}, "input": {},