{"fastq_reduce": {"runtime": {"min": 0.045811, "max": 4.724154, "distribution": {"name": "argus", "params": [1.599540430972508, -0.5837001726177105, 1.7033104585411558]}}, "input": {"fastq_reduce": {"distribution": null, "min": 2, "max": 2}, ".fastq": {"distribution": {"name": "argus", "params": [1.599540430972508, -0.5837001726177105, 1.7033104585411558]}, "min": 2438, "max": 247788}}, "output": {".fastq": {"distribution": {"name": "rdist", "params": [1.750426650564894, 0.9999999999999998, 2.3624681987884834e-16]}, "min": 24, "max": 249}}}, "bwa_index": {"runtime": {"min": 80.652465, "max": 1158.975678, "distribution": {"name": "arcsine", "params": [-0.2258070520586602, 1.2258070520586604]}}, "input": {"bwa": {"distribution": null, "min": 1445, "max": 1445}, ".fastq": {"distribution": {"name": "arcsine", "params": [-0.2258070520586602, 1.2258070520586604]}, "min": 200438, "max": 2047778}}, "output": {".bwt": {"distribution": {"name": "arcsine", "params": [-0.2258070520586602, 1.2258070520586604]}, "min": 100001, "max": 1000001}, ".pac": {"distribution": {"name": "arcsine", "params": [-0.2258070520586602, 1.2258070520586604]}, "min": 25001, "max": 250001}, ".amb": {"distribution": null, "min": 1, "max": 1}, ".ann": {"distribution": {"name": "arcsine", "params": [-0.2258070520586602, 1.2258070520586604]}, "min": 577, "max": 61667}, ".sa": {"distribution": {"name": "arcsine", "params": [-0.2258070520586602, 1.2258070520586604]}, "min": 50001, "max": 500001}}}, "bwa": {"runtime": {"min": 0.18409, "max": 34.912105, "distribution": {"name": "argus", "params": [1.787473923386625e-05, -0.7146525478639822, 1.7383310890430437]}}, "input": {"bwa": {"distribution": null, "min": 1445, "max": 1445}, ".fastq": {"distribution": {"name": "trapz", "params": [1.0, 1.0, -0.10500000000000001, 1.2]}, "min": 24, "max": 2047778}, ".bwt": {"distribution": {"name": "trapz", "params": [1.0, 1.0, -0.10500000000000001, 1.2]}, "min": 100001, "max": 1000001}, ".pac": {"distribution": {"name": "trapz", "params": [1.0, 1.0, -0.10500000000000001, 1.2]}, "min": 25001, "max": 250001}, ".amb": {"distribution": null, "min": 1, "max": 1}, ".ann": {"distribution": {"name": "rdist", "params": [1.750426650564894, 0.9999999999999998, 2.3624681987884834e-16]}, "min": 577, "max": 61667}, ".sa": {"distribution": {"name": "trapz", "params": [1.0, 1.0, -0.10500000000000001, 1.2]}, "min": 50001, "max": 500001}}, "output": {".sam": {"distribution": {"name": "trapz", "params": [1.0, 1.0, -0.10500000000000001, 1.2]}, "min": 516, "max": 52088}, ".err": {"distribution": null, "min": 1, "max": 1}}}, "cat_bwa": {"runtime": {"min": 0.540879, "max": 519.460108, "distribution": {"name": "arcsine", "params": [-0.2258070520586602, 1.2258070520586604]}}, "input": {"cat_bwa": {"distribution": null, "min": 2, "max": 2}, ".sam": {"distribution": {"name": "trapz", "params": [1.0, 1.0, -0.10500000000000001, 1.2]}, "min": 516, "max": 52088}}, "output": {".sam": {"distribution": {"name": "argus", "params": [1.599540430972508, -0.5837001726177105, 1.7033104585411558]}, "min": 3437, "max": 353943}}}, "cat": {"runtime": {"min": 0.014307, "max": 0.073623, "distribution": {"name": "argus", "params": [1.599540430972508, -0.5837001726177105, 1.7033104585411558]}}, "input": {".err": {"distribution": null, "min": 1, "max": 1}}, "output": {".err": {"distribution": {"name": "argus", "params": [1.599540430972508, -0.5837001726177105, 1.7033104585411558]}, "min": 14, "max": 133}}}}